{"cameraMode":{"drawMode":0,"name":"Shaded","section":"Shading Mode"},"sceneLighting":true,"audioPlay":false,"sceneViewState":{"showFog":false,"showMaterialUpdate":false,"showSkybox":false,"showFlares":false,"showImageEffects":false,"showParticleSystems":false},"in2DMode":false,"pivot":{"x":2.0105490684509279,"y":2.4640774726867677,"z":1.8339165449142457},"rotation":{"x":-0.03411666303873062,"y":0.9009352326393127,"z":-0.0720565915107727,"w":-0.42656734585762026},"size":4.066731929779053,"orthographic":false}